,Year,Country,Region,Happiness Rank,Happiness Score,Economy,Family,Freedom,Generosity,Health,Trust
0,2019,Finland,Western Europe,1,7.769,1.34,1.587,0.596,0.153,0.986,0.393
1,2019,Denmark,Western Europe,2,7.6,1.383,1.573,0.592,0.252,0.996,0.41
2,2019,Norway,Western Europe,3,7.554,1.488,1.582,0.603,0.271,1.028,0.341
3,2019,Iceland,Western Europe,4,7.494,1.38,1.624,0.591,0.354,1.026,0.118
4,2019,Netherlands,Western Europe,5,7.488,1.396,1.522,0.557,0.322,0.999,0.298
5,2019,Switzerland,Western Europe,6,7.48,1.452,1.526,0.572,0.263,1.052,0.343
6,2019,Sweden,Western Europe,7,7.343,1.387,1.487,0.574,0.267,1.009,0.373
7,2019,New Zealand,Australia and New Zealand,8,7.307,1.303,1.557,0.585,0.33,1.026,0.38
8,2019,Canada,North America,9,7.278,1.365,1.505,0.584,0.285,1.039,0.308
9,2019,Austria,Western Europe,10,7.246,1.376,1.475,0.532,0.244,1.016,0.226
10,2019,Australia,Australia and New Zealand,11,7.228,1.372,1.548,0.557,0.332,1.036,0.29
11,2019,Costa Rica,Latin America and Caribbean,12,7.167,1.034,1.441,0.558,0.144,0.963,0.093
12,2019,Israel,Middle East and Northern Africa,13,7.139,1.276,1.455,0.371,0.261,1.029,0.082
13,2019,Luxembourg,Western Europe,14,7.09,1.609,1.479,0.526,0.194,1.012,0.316
14,2019,United Kingdom,Western Europe,15,7.054,1.333,1.538,0.45,0.348,0.996,0.278
15,2019,Ireland,Western Europe,16,7.021,1.499,1.553,0.516,0.298,0.999,0.31
16,2019,Germany,Western Europe,17,6.985,1.373,1.454,0.495,0.261,0.987,0.265
17,2019,Belgium,Western Europe,18,6.923,1.356,1.504,0.473,0.16,0.986,0.21
18,2019,United States,North America,19,6.892,1.433,1.457,0.454,0.28,0.874,0.128
19,2019,Czech Republic,Central and Eastern Europe,20,6.852,1.269,1.487,0.457,0.046,0.92,0.036
20,2019,United Arab Emirates,Middle East and Northern Africa,21,6.825,1.503,1.31,0.598,0.262,0.825,0.182
21,2019,Malta,Western Europe,22,6.726,1.3,1.52,0.564,0.375,0.999,0.151
22,2019,Mexico,Latin America and Caribbean,23,6.595,1.07,1.323,0.433,0.074,0.861,0.073
23,2019,France,Western Europe,24,6.592,1.324,1.472,0.436,0.111,1.045,0.183
24,2019,Taiwan,Eastern Asia,25,6.446,1.368,1.43,0.351,0.242,0.914,0.097
25,2019,Chile,Latin America and Caribbean,26,6.444,1.159,1.369,0.357,0.187,0.92,0.056
26,2019,Guatemala,Latin America and Caribbean,27,6.436,0.8,1.269,0.535,0.175,0.746,0.078
27,2019,Saudi Arabia,Middle East and Northern Africa,28,6.375,1.403,1.357,0.439,0.08,0.795,0.132
28,2019,Qatar,Middle East and Northern Africa,29,6.374,1.684,1.313,0.555,0.22,0.871,0.167
29,2019,Spain,Western Europe,30,6.354,1.286,1.484,0.362,0.153,1.062,0.079
30,2019,Panama,Latin America and Caribbean,31,6.321,1.149,1.442,0.516,0.109,0.91,0.054
31,2019,Brazil,Latin America and Caribbean,32,6.3,1.004,1.439,0.39,0.099,0.802,0.086
32,2019,Uruguay,Latin America and Caribbean,33,6.293,1.124,1.465,0.523,0.127,0.891,0.15
33,2019,Singapore,Southeastern Asia,34,6.262,1.572,1.463,0.556,0.271,1.141,0.453
34,2019,El Salvador,Latin America and Caribbean,35,6.253,0.794,1.242,0.43,0.093,0.789,0.074
35,2019,Italy,Western Europe,36,6.223,1.294,1.488,0.231,0.158,1.039,0.03
36,2019,Bahrain,Middle East and Northern Africa,37,6.199,1.362,1.368,0.536,0.255,0.871,0.11
37,2019,Slovakia,Central and Eastern Europe,38,6.198,1.246,1.504,0.334,0.121,0.881,0.014
38,2019,Trinidad and Tobago,Latin America and Caribbean,39,6.192,1.231,1.477,0.489,0.185,0.713,0.016
39,2019,Poland,Central and Eastern Europe,40,6.182,1.206,1.438,0.483,0.117,0.884,0.05
40,2019,Uzbekistan,Central and Eastern Europe,41,6.174,0.745,1.529,0.631,0.322,0.756,0.24
41,2019,Lithuania,Central and Eastern Europe,42,6.149,1.238,1.515,0.291,0.043,0.818,0.042
42,2019,Colombia,Latin America and Caribbean,43,6.125,0.985,1.41,0.47,0.099,0.841,0.034
43,2019,Slovenia,Central and Eastern Europe,44,6.118,1.258,1.523,0.564,0.144,0.953,0.057
44,2019,Nicaragua,Latin America and Caribbean,45,6.105,0.694,1.325,0.435,0.2,0.835,0.127
45,2019,Kosovo,Central and Eastern Europe,46,6.1,0.882,1.232,0.489,0.262,0.758,0.006
46,2019,Argentina,Latin America and Caribbean,47,6.086,1.092,1.432,0.471,0.066,0.881,0.05
47,2019,Romania,Central and Eastern Europe,48,6.07,1.162,1.232,0.462,0.083,0.825,0.005
48,2019,Cyprus,Western Europe,49,6.046,1.263,1.223,0.406,0.19,1.042,0.041
49,2019,Ecuador,Latin America and Caribbean,50,6.028,0.912,1.312,0.498,0.126,0.868,0.087
50,2019,Kuwait,Middle East and Northern Africa,51,6.021,1.5,1.319,0.493,0.142,0.808,0.097
51,2019,Thailand,Southeastern Asia,52,6.008,1.05,1.409,0.557,0.359,0.828,0.028
52,2019,Latvia,Central and Eastern Europe,53,5.94,1.187,1.465,0.264,0.075,0.812,0.064
53,2019,South Korea,Eastern Asia,54,5.895,1.301,1.219,0.159,0.175,1.036,0.056
54,2019,Estonia,Central and Eastern Europe,55,5.893,1.237,1.528,0.495,0.103,0.874,0.161
55,2019,Jamaica,Latin America and Caribbean,56,5.89,0.831,1.478,0.49,0.107,0.831,0.028
56,2019,Mauritius,Sub-Saharan Africa,57,5.888,1.12,1.402,0.498,0.215,0.798,0.06
57,2019,Japan,Eastern Asia,58,5.886,1.327,1.419,0.445,0.069,1.088,0.14
58,2019,Honduras,Latin America and Caribbean,59,5.86,0.642,1.236,0.507,0.246,0.828,0.078
59,2019,Kazakhstan,Central and Eastern Europe,60,5.809,1.173,1.508,0.41,0.146,0.729,0.096
60,2019,Bolivia,Latin America and Caribbean,61,5.779,0.776,1.209,0.511,0.137,0.706,0.064
61,2019,Hungary,Central and Eastern Europe,62,5.758,1.201,1.41,0.199,0.081,0.828,0.02
62,2019,Paraguay,Latin America and Caribbean,63,5.743,0.855,1.475,0.514,0.184,0.777,0.08
63,2019,North Cyprus,Western Europe,64,5.718,1.263,1.252,0.417,0.191,1.042,0.162
64,2019,Peru,Latin America and Caribbean,65,5.697,0.96,1.274,0.455,0.083,0.854,0.027
65,2019,Portugal,Western Europe,66,5.693,1.221,1.431,0.508,0.047,0.999,0.025
66,2019,Pakistan,Southern Asia,67,5.653,0.677,0.886,0.313,0.22,0.535,0.098
67,2019,Russia,Central and Eastern Europe,68,5.648,1.183,1.452,0.334,0.082,0.726,0.031
68,2019,Philippines,Southeastern Asia,69,5.631,0.807,1.293,0.558,0.117,0.657,0.107
69,2019,Serbia,Central and Eastern Europe,70,5.603,1.004,1.383,0.282,0.137,0.854,0.039
70,2019,Moldova,Central and Eastern Europe,71,5.529,0.685,1.328,0.245,0.181,0.739,0.0
71,2019,Libya,Middle East and Northern Africa,72,5.525,1.044,1.303,0.416,0.133,0.673,0.152
72,2019,Montenegro,Central and Eastern Europe,73,5.523,1.051,1.361,0.197,0.142,0.871,0.08
73,2019,Tajikistan,Central and Eastern Europe,74,5.467,0.493,1.098,0.389,0.23,0.718,0.144
74,2019,Croatia,Central and Eastern Europe,75,5.432,1.155,1.266,0.296,0.119,0.914,0.022
75,2019,Hong Kong,Eastern Asia,76,5.43,1.438,1.277,0.44,0.258,1.122,0.287
76,2019,Dominican Republic,Latin America and Caribbean,77,5.425,1.015,1.401,0.497,0.113,0.779,0.101
77,2019,Bosnia and Herzegovina,Central and Eastern Europe,78,5.386,0.945,1.212,0.212,0.263,0.845,0.006
78,2019,Turkey,Middle East and Northern Africa,79,5.373,1.183,1.36,0.195,0.083,0.808,0.106
79,2019,Malaysia,Southeastern Asia,80,5.339,1.221,1.171,0.508,0.26,0.828,0.024
80,2019,Belarus,Central and Eastern Europe,81,5.323,1.067,1.465,0.235,0.094,0.789,0.142
81,2019,Greece,Western Europe,82,5.287,1.181,1.156,0.067,0.0,0.999,0.034
82,2019,Mongolia,Eastern Asia,83,5.285,0.948,1.531,0.317,0.235,0.667,0.038
83,2019,Nigeria,Sub-Saharan Africa,85,5.265,0.696,1.111,0.426,0.215,0.245,0.041
84,2019,Kyrgyzstan,Central and Eastern Europe,86,5.261,0.551,1.438,0.508,0.3,0.723,0.023
85,2019,Turkmenistan,Central and Eastern Europe,87,5.247,1.052,1.538,0.394,0.244,0.657,0.028
86,2019,Algeria,Middle East and Northern Africa,88,5.211,1.002,1.16,0.086,0.073,0.785,0.114
87,2019,Morocco,Middle East and Northern Africa,89,5.208,0.801,0.782,0.418,0.036,0.782,0.076
88,2019,Azerbaijan,Central and Eastern Europe,90,5.208,1.043,1.147,0.351,0.035,0.769,0.182
89,2019,Lebanon,Middle East and Northern Africa,91,5.197,0.987,1.224,0.216,0.166,0.815,0.027
90,2019,Indonesia,Southeastern Asia,92,5.192,0.931,1.203,0.491,0.498,0.66,0.028
91,2019,China,Eastern Asia,93,5.191,1.029,1.125,0.521,0.058,0.893,0.1
92,2019,Vietnam,Southeastern Asia,94,5.175,0.741,1.346,0.543,0.147,0.851,0.073
93,2019,Bhutan,Southern Asia,95,5.082,0.813,1.321,0.457,0.37,0.604,0.167
94,2019,Cameroon,Sub-Saharan Africa,96,5.044,0.549,0.91,0.381,0.187,0.331,0.037
95,2019,Bulgaria,Central and Eastern Europe,97,5.011,1.092,1.513,0.311,0.081,0.815,0.004
96,2019,Ghana,Sub-Saharan Africa,98,4.996,0.611,0.868,0.381,0.245,0.486,0.04
97,2019,Ivory Coast,Sub-Saharan Africa,99,4.944,0.569,0.808,0.352,0.154,0.232,0.09
98,2019,Nepal,Southern Asia,100,4.913,0.446,1.226,0.439,0.285,0.677,0.089
99,2019,Jordan,Middle East and Northern Africa,101,4.906,0.837,1.225,0.383,0.11,0.815,0.13
100,2019,Benin,Sub-Saharan Africa,102,4.883,0.393,0.437,0.349,0.175,0.397,0.082
101,2019,Congo (Brazzaville),Sub-Saharan Africa,103,4.812,0.673,0.799,0.372,0.105,0.508,0.093
102,2019,Gabon,Sub-Saharan Africa,104,4.799,1.057,1.183,0.295,0.043,0.571,0.055
103,2019,Laos,Southeastern Asia,105,4.796,0.764,1.03,0.547,0.266,0.551,0.164
104,2019,South Africa,Sub-Saharan Africa,106,4.722,0.96,1.351,0.389,0.13,0.469,0.055
105,2019,Albania,Central and Eastern Europe,107,4.719,0.947,0.848,0.383,0.178,0.874,0.027
106,2019,Venezuela,Latin America and Caribbean,108,4.707,0.96,1.427,0.154,0.064,0.805,0.047
107,2019,Cambodia,Southeastern Asia,109,4.7,0.574,1.122,0.609,0.232,0.637,0.062
108,2019,Palestinian Territories,Middle East and Northern Africa,110,4.696,0.657,1.247,0.225,0.103,0.672,0.066
109,2019,Senegal,Sub-Saharan Africa,111,4.681,0.45,1.134,0.292,0.153,0.571,0.072
110,2019,Somalia,Sub-Saharan Africa,112,4.668,0.0,0.698,0.559,0.243,0.268,0.27
111,2019,Namibia,Sub-Saharan Africa,113,4.639,0.879,1.313,0.401,0.07,0.477,0.056
112,2019,Niger,Sub-Saharan Africa,114,4.628,0.138,0.774,0.318,0.188,0.366,0.102
113,2019,Burkina Faso,Sub-Saharan Africa,115,4.587,0.331,1.056,0.255,0.177,0.38,0.113
114,2019,Armenia,Central and Eastern Europe,116,4.559,0.85,1.055,0.283,0.095,0.815,0.064
115,2019,Iran,Middle East and Northern Africa,117,4.548,1.1,0.842,0.305,0.27,0.785,0.125
116,2019,Guinea,Sub-Saharan Africa,118,4.534,0.38,0.829,0.332,0.207,0.375,0.086
117,2019,Georgia,Central and Eastern Europe,119,4.519,0.886,0.666,0.346,0.043,0.752,0.164
118,2019,Kenya,Sub-Saharan Africa,121,4.509,0.512,0.983,0.431,0.372,0.581,0.053
119,2019,Mauritania,Sub-Saharan Africa,122,4.49,0.57,1.167,0.066,0.106,0.489,0.088
120,2019,Mozambique,Sub-Saharan Africa,123,4.466,0.204,0.986,0.494,0.197,0.39,0.138
121,2019,Tunisia,Middle East and Northern Africa,124,4.461,0.921,1.0,0.167,0.059,0.815,0.055
122,2019,Bangladesh,Southern Asia,125,4.456,0.562,0.928,0.527,0.166,0.723,0.143
123,2019,Iraq,Middle East and Northern Africa,126,4.437,1.043,0.98,0.241,0.148,0.574,0.089
124,2019,Congo (Kinshasa),Sub-Saharan Africa,127,4.418,0.094,1.125,0.269,0.212,0.357,0.053
125,2019,Mali,Sub-Saharan Africa,128,4.39,0.385,1.105,0.327,0.153,0.308,0.052
126,2019,Sierra Leone,Sub-Saharan Africa,129,4.374,0.268,0.841,0.309,0.252,0.242,0.045
127,2019,Sri Lanka,Southern Asia,130,4.366,0.949,1.265,0.47,0.244,0.831,0.047
128,2019,Myanmar,Southeastern Asia,131,4.36,0.71,1.181,0.525,0.566,0.555,0.172
129,2019,Chad,Sub-Saharan Africa,132,4.35,0.35,0.766,0.174,0.198,0.192,0.078
130,2019,Ukraine,Central and Eastern Europe,133,4.332,0.82,1.39,0.178,0.187,0.739,0.01
131,2019,Ethiopia,Sub-Saharan Africa,134,4.286,0.336,1.033,0.344,0.209,0.532,0.1
132,2019,Swaziland,Sub-Saharan Africa,135,4.212,0.811,1.149,0.313,0.074,0.0,0.135
133,2019,Uganda,Sub-Saharan Africa,136,4.189,0.332,1.069,0.356,0.252,0.443,0.06
134,2019,Egypt,Middle East and Northern Africa,137,4.166,0.913,1.039,0.241,0.076,0.644,0.067
135,2019,Zambia,Sub-Saharan Africa,138,4.107,0.578,1.058,0.431,0.247,0.426,0.087
136,2019,Togo,Sub-Saharan Africa,139,4.085,0.275,0.572,0.293,0.177,0.41,0.085
137,2019,India,Southern Asia,140,4.015,0.755,0.765,0.498,0.2,0.588,0.085
138,2019,Liberia,Sub-Saharan Africa,141,3.975,0.073,0.922,0.37,0.233,0.443,0.033
139,2019,Comoros,Sub-Saharan Africa,142,3.973,0.274,0.757,0.142,0.275,0.505,0.078
140,2019,Madagascar,Sub-Saharan Africa,143,3.933,0.274,0.916,0.148,0.169,0.555,0.041
141,2019,Lesotho,Sub-Saharan Africa,144,3.802,0.489,1.169,0.359,0.107,0.168,0.093
142,2019,Burundi,Sub-Saharan Africa,145,3.775,0.046,0.447,0.22,0.176,0.38,0.18
143,2019,Zimbabwe,Sub-Saharan Africa,146,3.663,0.366,1.114,0.361,0.151,0.433,0.089
144,2019,Haiti,Latin America and Caribbean,147,3.597,0.323,0.688,0.026,0.419,0.449,0.11
145,2019,Botswana,Sub-Saharan Africa,148,3.488,1.041,1.145,0.455,0.025,0.538,0.1
146,2019,Syria,Middle East and Northern Africa,149,3.462,0.619,0.378,0.013,0.331,0.44,0.141
147,2019,Malawi,Sub-Saharan Africa,150,3.41,0.191,0.56,0.443,0.218,0.495,0.089
148,2019,Yemen,Middle East and Northern Africa,151,3.38,0.287,1.163,0.143,0.108,0.463,0.077
149,2019,Rwanda,Sub-Saharan Africa,152,3.334,0.359,0.711,0.555,0.217,0.614,0.411
150,2019,Tanzania,Sub-Saharan Africa,153,3.231,0.476,0.885,0.417,0.276,0.499,0.147
151,2019,Afghanistan,Southern Asia,154,3.203,0.35,0.517,0.0,0.158,0.361,0.025
152,2019,Central African Republic,Sub-Saharan Africa,155,3.083,0.026,0.0,0.225,0.235,0.105,0.035
153,2019,South Sudan,Sub-Saharan Africa,156,2.853,0.306,0.575,0.01,0.202,0.295,0.091
